freqs, THz	a2f (lambda), THz	a2f (gamma), THz	lambdas (lambda)	lambdas (gamma)	lambda (lambda)	lambda (gamma)	wlogs (lambda), K	wlogs (gamma), K	wlog (lambda), K	wlog (gamma), K	w2s (lambda), K	w2s (gamma), K	w2 (lambda), K	w2 (gamma), K	Tc_McM (lambda), K	Tc_McM (gamma), K	Tc_AD (lambda), K	Tc_AD (gamma), K
-58.676093575428	0.000000000000	0.000000000000	0.000000000000	0.000000000000	0.000000000000	0.000000000000	0.000000000000	0.000000000000	0.000000000000	0.000000000000	0.000000000000	0.000000000000	0.000000000000	0.000000000000	0.000000000000	0.000000000000	0.000000000000	0.000000000000
-57.532114258169	0.000000000000	0.000000000000	0.000000000000	0.000000000000	0.000000000000	0.000000000000	0.000000000000	0.000000000000	0.000000000000	0.000000000000	0.000000000000	0.000000000000	0.000000000000	0.000000000000	0.000000000000	0.000000000000	0.000000000000	0.000000000000
-57.369252047844	0.000000000000	0.000000000000	0.000000000000	0.000000000000	0.000000000000	0.000000000000	0.000000000000	0.000000000000	0.000000000000	0.000000000000	0.000000000000	0.000000000000	0.000000000000	0.000000000000	0.000000000000	0.000000000000	0.000000000000	0.000000000000
-57.012241072069	0.000000000000	0.000000000000	0.000000000000	0.000000000000	0.000000000000	0.000000000000	0.000000000000	0.000000000000	0.000000000000	0.000000000000	0.000000000000	0.000000000000	0.000000000000	0.000000000000	0.000000000000	0.000000000000	0.000000000000	0.000000000000
-56.757193179204	0.000000000000	0.000000000000	0.000000000000	0.000000000000	0.000000000000	0.000000000000	0.000000000000	0.000000000000	0.000000000000	0.000000000000	0.000000000000	0.000000000000	0.000000000000	0.000000000000	0.000000000000	0.000000000000	0.000000000000	0.000000000000
-49.723677271794	0.000000000000	0.000000000000	0.000000000000	0.000000000000	0.000000000000	0.000000000000	0.000000000000	0.000000000000	0.000000000000	0.000000000000	0.000000000000	0.000000000000	0.000000000000	0.000000000000	0.000000000000	0.000000000000	0.000000000000	0.000000000000
-48.877932813643	0.000000000000	0.000000000000	0.000000000000	0.000000000000	0.000000000000	0.000000000000	0.000000000000	0.000000000000	0.000000000000	0.000000000000	0.000000000000	0.000000000000	0.000000000000	0.000000000000	0.000000000000	0.000000000000	0.000000000000	0.000000000000
-45.429751399675	0.000000000000	0.000000000000	0.000000000000	0.000000000000	0.000000000000	0.000000000000	0.000000000000	0.000000000000	0.000000000000	0.000000000000	0.000000000000	0.000000000000	0.000000000000	0.000000000000	0.000000000000	0.000000000000	0.000000000000	0.000000000000
-45.135288458769	0.000000000000	0.000000000000	0.000000000000	0.000000000000	0.000000000000	0.000000000000	0.000000000000	0.000000000000	0.000000000000	0.000000000000	0.000000000000	0.000000000000	0.000000000000	0.000000000000	0.000000000000	0.000000000000	0.000000000000	0.000000000000
-41.734620279034	0.000000000000	0.000000000000	0.000000000000	0.000000000000	0.000000000000	0.000000000000	0.000000000000	0.000000000000	0.000000000000	0.000000000000	0.000000000000	0.000000000000	0.000000000000	0.000000000000	0.000000000000	0.000000000000	0.000000000000	0.000000000000
-38.149564047034	0.000000000000	0.000000000000	0.000000000000	0.000000000000	0.000000000000	0.000000000000	0.000000000000	0.000000000000	0.000000000000	0.000000000000	0.000000000000	0.000000000000	0.000000000000	0.000000000000	0.000000000000	0.000000000000	0.000000000000	0.000000000000
-18.932271473659	0.000000000000	0.000000000000	0.000000000000	0.000000000000	0.000000000000	0.000000000000	0.000000000000	0.000000000000	0.000000000000	0.000000000000	0.000000000000	0.000000000000	0.000000000000	0.000000000000	0.000000000000	0.000000000000	0.000000000000	0.000000000000
-18.833687015125	0.000000000000	0.000000000000	0.000000000000	0.000000000000	0.000000000000	0.000000000000	0.000000000000	0.000000000000	0.000000000000	0.000000000000	0.000000000000	0.000000000000	0.000000000000	0.000000000000	0.000000000000	0.000000000000	0.000000000000	0.000000000000
-18.789904074090	0.000000000000	0.000000000000	0.000000000000	0.000000000000	0.000000000000	0.000000000000	0.000000000000	0.000000000000	0.000000000000	0.000000000000	0.000000000000	0.000000000000	0.000000000000	0.000000000000	0.000000000000	0.000000000000	0.000000000000	0.000000000000
-18.410724758446	0.000000000000	0.000000000000	0.000000000000	0.000000000000	0.000000000000	0.000000000000	0.000000000000	0.000000000000	0.000000000000	0.000000000000	0.000000000000	0.000000000000	0.000000000000	0.000000000000	0.000000000000	0.000000000000	0.000000000000	0.000000000000
-16.931288435883	0.000000000000	0.000000000000	0.000000000000	0.000000000000	0.000000000000	0.000000000000	0.000000000000	0.000000000000	0.000000000000	0.000000000000	0.000000000000	0.000000000000	0.000000000000	0.000000000000	0.000000000000	0.000000000000	0.000000000000	0.000000000000
-13.609658238475	0.000000000000	0.000000000000	0.000000000000	0.000000000000	0.000000000000	0.000000000000	0.000000000000	0.000000000000	0.000000000000	0.000000000000	0.000000000000	0.000000000000	0.000000000000	0.000000000000	0.000000000000	0.000000000000	0.000000000000	0.000000000000
-13.169774729815	0.000000000000	0.000000000000	0.000000000000	0.000000000000	0.000000000000	0.000000000000	0.000000000000	0.000000000000	0.000000000000	0.000000000000	0.000000000000	0.000000000000	0.000000000000	0.000000000000	0.000000000000	0.000000000000	0.000000000000	0.000000000000
-12.697049277027	0.000000000000	0.000000000000	0.000000000000	0.000000000000	0.000000000000	0.000000000000	0.000000000000	0.000000000000	0.000000000000	0.000000000000	0.000000000000	0.000000000000	0.000000000000	0.000000000000	0.000000000000	0.000000000000	0.000000000000	0.000000000000
-11.185565262187	0.000000000000	0.000000000000	0.000000000000	0.000000000000	0.000000000000	0.000000000000	0.000000000000	0.000000000000	0.000000000000	0.000000000000	0.000000000000	0.000000000000	0.000000000000	0.000000000000	0.000000000000	0.000000000000	0.000000000000	0.000000000000
-9.836076936655	0.000000000000	0.000000000000	0.000000000000	0.000000000000	0.000000000000	0.000000000000	0.000000000000	0.000000000000	0.000000000000	0.000000000000	0.000000000000	0.000000000000	0.000000000000	0.000000000000	0.000000000000	0.000000000000	0.000000000000	0.000000000000
-9.429205070325	0.000000000000	0.000000000000	0.000000000000	0.000000000000	0.000000000000	0.000000000000	0.000000000000	0.000000000000	0.000000000000	0.000000000000	0.000000000000	0.000000000000	0.000000000000	0.000000000000	0.000000000000	0.000000000000	0.000000000000	0.000000000000
-8.063419604152	0.000000000000	0.000000000000	0.000000000000	0.000000000000	0.000000000000	0.000000000000	0.000000000000	0.000000000000	0.000000000000	0.000000000000	0.000000000000	0.000000000000	0.000000000000	0.000000000000	0.000000000000	0.000000000000	0.000000000000	0.000000000000
-8.027609568869	0.000000000000	0.000000000000	0.000000000000	0.000000000000	0.000000000000	0.000000000000	0.000000000000	0.000000000000	0.000000000000	0.000000000000	0.000000000000	0.000000000000	0.000000000000	0.000000000000	0.000000000000	0.000000000000	0.000000000000	0.000000000000
-6.635436093685	0.000000000000	0.000000000000	0.000000000000	0.000000000000	0.000000000000	0.000000000000	0.000000000000	0.000000000000	0.000000000000	0.000000000000	0.000000000000	0.000000000000	0.000000000000	0.000000000000	0.000000000000	0.000000000000	0.000000000000	0.000000000000
-4.163231857050	0.000000000000	0.000000000000	0.000000000000	0.000000000000	0.000000000000	0.000000000000	0.000000000000	0.000000000000	0.000000000000	0.000000000000	0.000000000000	0.000000000000	0.000000000000	0.000000000000	0.000000000000	0.000000000000	0.000000000000	0.000000000000
-3.971115235442	0.000000000000	0.000000000000	0.000000000000	0.000000000000	0.000000000000	0.000000000000	0.000000000000	0.000000000000	0.000000000000	0.000000000000	0.000000000000	0.000000000000	0.000000000000	0.000000000000	0.000000000000	0.000000000000	0.000000000000	0.000000000000
-3.749786856154	0.000000000000	0.000000000000	0.000000000000	0.000000000000	0.000000000000	0.000000000000	0.000000000000	0.000000000000	0.000000000000	0.000000000000	0.000000000000	0.000000000000	0.000000000000	0.000000000000	0.000000000000	0.000000000000	0.000000000000	0.000000000000
-3.617751208599	0.000000000000	0.000000000000	0.000000000000	0.000000000000	0.000000000000	0.000000000000	0.000000000000	0.000000000000	0.000000000000	0.000000000000	0.000000000000	0.000000000000	0.000000000000	0.000000000000	0.000000000000	0.000000000000	0.000000000000	0.000000000000
-3.460878021482	0.000000000000	0.000000000000	0.000000000000	0.000000000000	0.000000000000	0.000000000000	0.000000000000	0.000000000000	0.000000000000	0.000000000000	0.000000000000	0.000000000000	0.000000000000	0.000000000000	0.000000000000	0.000000000000	0.000000000000	0.000000000000
-2.778101086237	0.000000000000	0.000000000000	0.000000000000	0.000000000000	0.000000000000	0.000000000000	0.000000000000	0.000000000000	0.000000000000	0.000000000000	0.000000000000	0.000000000000	0.000000000000	0.000000000000	0.000000000000	0.000000000000	0.000000000000	0.000000000000
0.176913771724	0.000000000000	0.000000000000	0.000000000000	0.000000000000	0.000000000000	0.000000000000	0.000000000000	0.000000000000	0.000000000000	0.000000000000	0.000000000000	0.000000000000	0.000000000000	0.000000000000	0.000000000000	0.000000000000	0.000000000000	0.000000000000
2.043249843651	0.015599851723	0.015601369055	0.015269646805	0.015271132019	0.000000000000	0.000000000000	0.017479413135	0.017480670478	1.000000000000	1.000000000000	36.653935024024	36.656571643241	0.000000000000	0.000000000000	0.200712242713	0.200712242713	0.352249271837	0.351379663190
3.121491334895	0.041988558763	0.041985993398	0.026902883435	0.026901239756	0.015266418457	0.015274047852	0.033642145528	0.033639237979	1.017578125000	1.017578125000	150.720304385729	150.707278264226	6.054249336129	6.054467081688	0.204240387604	0.204240387604	0.358441153569	0.357556258832
3.485495833884	0.200649069552	0.200654489150	0.115133730817	0.115136840618	0.042175292969	0.042175292969	0.147145258444	0.147145505511	1.052734375000	1.052734375000	804.230202923493	804.231553283862	13.688471039884	13.688091536349	0.211296677387	0.211296677387	0.370824917032	0.369909450116
3.560380027437	0.027423946229	0.027425400328	0.015405066885	0.015405883707	0.157348632812	0.157348632812	0.019770003898	0.019770551350	1.219726562500	1.219726562500	112.280662304991	112.283771473551	31.489751385701	31.489607860234	0.244814053855	0.244814053855	0.429647793481	0.428587108716
4.105561468152	0.078094971396	0.078107319476	0.038043503673	0.038049518967	0.172729492188	0.172729492188	0.050175989808	0.050182652257	1.243164062500	1.243164062500	368.700978175575	368.749934885695	33.224766434668	33.224677194292	0.249518247044	0.249518247044	0.437903635790	0.436822569572
4.482175074821	0.242652664772	0.242656594727	0.108274514369	0.108276267962	0.210815429688	0.210815429688	0.145176653710	0.145175327494	1.307617187500	1.307617187500	1250.698249781226	1250.686824419698	38.374289346043	38.374849961278	0.262454778313	0.262454778313	0.460607202139	0.459470086926
5.279722514266	0.634686183223	0.634658524387	0.240424068314	0.240413590931	0.319091796875	0.319091796875	0.332194285784	0.332171394862	1.511718750000	1.511718750000	3853.441789955468	3853.176256083749	52.185096843783	52.185399624514	0.303420460663	0.303420460663	0.532501828910	0.531187225214
7.321532136331	1.138259949519	1.138264405367	0.310934904969	0.310936122159	0.559570312500	0.559570312500	0.454996704315	0.454986960077	2.107421875000	2.107421875000	9583.454582769466	9583.249342885789	81.097016730275	81.095574417190	0.422985370873	0.422985370873	0.742337820923	0.740505188638
8.412780635252	0.349173436996	0.349135643735	0.083010232201	0.083001247476	0.870605468750	0.870605468750	0.124349361616	0.124332752993	3.320312500000	3.320312500000	3377.998274869722	3377.547095246262	127.122699410137	127.120972042145	0.666427368381	0.666427368381	1.169577660398	1.166690287937
9.159630243115	0.038671243396	0.038670468818	0.008443843773	0.008443674644	0.953613281250	0.953613281250	0.012828163456	0.012827581572	3.763671875000	3.763671875000	407.328445158354	407.309968782341	139.779036268640	139.775851377075	0.755415022865	0.755415022865	1.325750677404	1.322477755797
9.165353334850	0.300455632563	0.300467060470	0.065563349625	0.065565843343	0.961914062500	0.961914062500	0.099616206827	0.099617472323	3.810546875000	3.810546875000	3166.709486580001	3166.749715549611	141.228564480944	141.225346864394	0.764823409242	0.764823409242	1.342262362021	1.338948677509
9.679215463210	0.072197452650	0.072154441037	0.014918038125	0.014909150708	1.027343750000	1.027343750000	0.022869445414	0.022855241997	4.210937500000	4.210937500000	803.601415401581	803.102326512811	152.027026912744	152.024170158952	0.845186709547	0.845186709547	1.483299668128	1.479637800466
9.900363537083	0.020371709826	0.020376551591	0.004115345815	0.004116323914	1.041992187500	1.041992187500	0.006332058782	0.006333403296	4.304687500000	4.304687500000	231.930190312376	231.979437078668	154.647400001842	154.642977981643	0.864003482301	0.864003482301	1.516323037362	1.512579643890
10.018781280764	0.548556107012	0.548574627957	0.109505555943	0.109509253188	1.046875000000	1.046875000000	0.168815270947	0.168816694338	4.335937500000	4.335937500000	6319.964094279168	6320.017381986442	155.395458484610	155.391216212853	0.870275739886	0.870275739886	1.527330827107	1.523560258365
10.473903375420	0.094666704734	0.094663858830	0.018076680936	0.018076137508	1.156250000000	1.156250000000	0.028067731252	0.028066176519	5.132812500000	5.132812500000	1140.209050585872	1140.145891922256	174.550028965684	174.546404884477	1.030218308298	1.030218308298	1.808029465603	1.803565927469
10.938569443691	0.794993512890	0.795058868928	0.145356029777	0.145367979427	1.173828125000	1.173828125000	0.227269961626	0.227282888028	5.277343750000	5.277343750000	10000.063874276882	10000.632646520786	177.786168366684	177.782432624875	1.059227499627	1.059227499627	1.858940493173	1.854351269415
10.975561467362	0.544977679381	0.545003045462	0.099307480716	0.099312102999	1.319335937500	1.319335937500	0.155354909827	0.155358205435	6.625000000000	6.625000000000	6878.347650523822	6878.493563760476	203.980355761980	203.978493955954	1.329718607970	1.329718607970	2.333651425923	2.327890268636
12.312413023642	0.011667178130	0.011686245537	0.001895189531	0.001898286796	1.418945312500	1.418945312500	0.003019178775	0.003024036348	7.742187500000	7.742187500000	165.191487945945	165.457265447785	220.196124369408	220.194731000311	1.553951816626	1.553951816626	2.727179909303	2.720447236107
12.680672474309	0.087796576413	0.087764412753	0.013847306062	0.013842233199	1.420898437500	1.420898437500	0.022161669127	0.022152989193	7.757812500000	7.757812500000	1280.261033769290	1279.759601242767	220.570906230295	220.570117708060	1.557087945418	1.557087945418	2.732683804176	2.725937543344
13.083241331678	0.438389674316	0.438407975123	0.067015453312	0.067018250907	1.434570312500	1.434570312500	0.107776506895	0.107778275926	7.925781250000	7.925781250000	6595.600308781309	6595.708568219028	223.454213898559	223.452313541368	1.590801329936	1.590801329936	2.791850674055	2.784958346146
13.949014781786	0.304919713294	0.304889694504	0.043719175593	0.043714871519	1.500976562500	1.500976562500	0.071009968649	0.071001179301	8.843750000000	8.843750000000	4891.113018441878	4890.507614742627	237.754886422560	237.753328042341	1.775048896489	1.775048896489	3.115204497812	3.107513896340
14.135957177657	1.216807294960	1.216838091578	0.172157750574	0.172162107777	1.544921875000	1.544921875000	0.280195810093	0.280195803968	9.484375000000	9.484375000000	19779.972638130610	19779.972205786555	247.827559073333	247.824842600478	1.903630176976	1.903630176976	3.340864187583	3.332616493071
14.778283928996	0.245657863753	0.245667778689	0.033245790233	0.033247132058	1.717773437500	1.717773437500	0.054478070681	0.054478889440	12.546875000000	12.546875000000	4174.777536905633	4174.840280259058	284.953455277133	284.951091971479	2.518311420283	2.518311420283	4.419627582585	4.408716711592
15.449695770909	0.175477810933	0.175465041371	0.022716021537	0.022714368486	1.750976562500	1.750976562500	0.037475462000	0.037471785696	13.250000000000	13.250000000000	3117.602928802939	3117.297095154184	292.187010681999	292.184813253525	2.659437215941	2.659437215941	4.667302851845	4.655780537273
15.925562044655	0.724113903269	0.724119025662	0.090937312132	0.090937955424	1.773437500000	1.773437500000	0.150711313664	0.150708562166	13.781250000000	13.781250000000	13261.123372846390	13260.881267913655	297.474120118180	297.471447690617	2.766065594882	2.766065594882	4.854435277509	4.842450983342
16.609214927694	0.622680583686	0.622631537004	0.074980134389	0.074974228429	1.864257812500	1.864257812500	0.125052063667	0.125039046299	16.015625000000	16.015625000000	11893.045756286505	11891.807742733739	318.985854722324	318.982983024275	3.214532012192	3.214532012192	5.641492244270	5.627564918283
16.724867669261	0.552080181284	0.552036227030	0.066019079158	0.066013823003	1.939453125000	1.939453125000	0.110221151749	0.110209584671	18.140625000000	18.140625000000	10618.019244091953	10616.904943817926	337.112772331780	337.108218828611	3.641045527957	3.641045527957	6.390021946925	6.374246702563
16.733730926222	0.510980212369	0.510994498080	0.061071881055	0.061073588470	2.005859375000	2.005859375000	0.101969709416	0.101969977207	20.250000000000	20.250000000000	9832.761942412757	9832.787764975086	352.509631802182	352.503696641066	4.064422914928	4.064422914928	7.133047754707	7.115438179605
18.050062447410	0.669750571220	0.669766637196	0.074210332864	0.074212113021	2.066406250000	2.066406250000	0.125309341877	0.125309173563	22.406250000000	22.406250000000	13901.781631176580	13901.762958447132	366.190937156728	366.185259002314	4.497208688277	4.497208688277	7.892585247106	7.873100578359
18.216051896046	1.108629845237	1.108597265810	0.121720101761	0.121716524759	2.140625000000	2.140625000000	0.205811061671	0.205799800318	25.437500000000	25.437500000000	23223.062006119642	23221.791311102144	384.704541287076	384.699112124059	5.105617673999	5.105617673999	8.960340852363	8.938220182405
18.406374022990	0.605626989989	0.605607479278	0.065806224434	0.065804104439	2.261718750000	2.261718750000	0.111439538171	0.111433125329	31.234375000000	31.234375000000	12818.940303682937	12818.202631551969	413.788165723742	413.781582698096	6.269121455973	6.269121455973	11.002285850045	10.975124167462
18.490706793078	0.632162445209	0.632065002757	0.068376233779	0.068365694165	2.328125000000	2.328125000000	0.115869746732	0.115848951803	34.906250000000	34.906250000000	13441.906343818160	13439.493949742027	428.998352440545	428.991143045743	7.006111722183	7.006111722183	12.295701145073	12.265346368239
18.999979421052	0.592822906493	0.592788160222	0.062402478798	0.062398821292	2.396484375000	2.396484375000	0.106169917476	0.106161005504	39.187500000000	39.187500000000	12952.594447751208	12951.507198596986	444.388898084235	444.379224043424	7.865411011296	7.865411011296	13.803768340127	13.769690551273
19.386225613545	1.015354851052	1.015474989957	0.104750132521	0.104762526775	2.458984375000	2.458984375000	0.178745338155	0.178761959418	43.625000000000	43.625000000000	22635.483295388600	22637.588135257382	458.730952943304	458.720396276460	8.756071588333	8.756071588333	15.366874483905	15.328937806680
20.310995039394	0.876606164241	0.876515684825	0.086318386917	0.086309477515	2.564453125000	2.564453125000	0.148297584476	0.148278521778	52.093750000000	52.093750000000	20474.550747391684	20471.918876012616	482.772793851994	482.764942902122	10.455853393805	10.455853393805	18.349985504778	18.304684329324
22.202106677583	0.502862973422	0.502921774331	0.045298671944	0.045303968820	2.650390625000	2.650390625000	0.078831179639	0.078838400475	60.437500000000	60.437500000000	12838.742985690262	12839.918998221467	503.531648688592	503.521507953039	12.130546168937	12.130546168937	21.289065366671	21.236508394068
23.336913727850	0.193837389616	0.193850131456	0.016612084346	0.016613176337	2.695312500000	2.695312500000	0.029115962009	0.029117138365	65.375000000000	65.375000000000	5201.871672607242	5202.081840922223	516.122915802759	516.114161760287	13.121562867330	13.121562867330	23.028296146368	22.971445481071
23.354159776254	0.217212564252	0.217156346102	0.018601616700	0.018596802298	2.710937500000	2.710937500000	0.032606441146	0.032597176342	67.437500000000	67.437500000000	5833.481844690659	5831.824317333901	521.137924055954	521.129455903661	13.535531867925	13.535531867925	23.754810269533	23.696166036401
23.532226757121	0.204259708081	0.204350160465	0.017359998286	0.017367685819	2.730468750000	2.730468750000	0.030462947535	0.030475665464	69.562500000000	69.562500000000	5527.444522829940	5529.752167250265	526.705057630967	526.695105471638	13.962045383689	13.962045383689	24.503339972187	24.442847820681
23.624422192683	0.198111972669	0.198087428620	0.016771794125	0.016769716271	2.748046875000	2.748046875000	0.029447150831	0.029442756809	71.750000000000	71.750000000000	5382.085325594567	5381.282225773858	531.926369206181	531.918683912334	14.401103414622	14.401103414622	25.273885254332	25.211490833910
24.266516735162	0.027748761817	0.027814210258	0.002286999994	0.002292394130	2.763671875000	2.763671875000	0.004030720084	0.004040124630	73.750000000000	73.750000000000	774.336464690868	776.143159922105	536.961588554027	536.953227498265	14.802527900047	14.802527900047	25.978383798006	25.914250160290
24.298274056717	0.698776037159	0.698799904749	0.057516516237	0.057518480787	2.767578125000	2.767578125000	0.101388685135	0.101389579873	74.062500000000	74.062500000000	19525.047112634838	19525.219417969503	537.682140346093	537.675470596089	14.865250475895	14.865250475895	26.088461695455	26.024056305037
24.397911899445	0.028437633006	0.028397714169	0.002331153020	0.002327880704	2.824218750000	2.824218750000	0.004111680007	0.004105804302	81.937500000000	81.937500000000	797.856458426045	796.716299382823	555.542195660951	555.535895418735	16.445859387256	16.445859387256	28.862424711175	28.791171152662
26.203062771613	0.277583671948	0.277522013400	0.021187116511	0.021182410302	2.826171875000	2.826171875000	0.037747289648	0.037737949045	82.312500000000	82.312500000000	8364.204346509361	8362.134616241046	556.259820244296	556.252503273539	16.521126478273	16.521126478273	28.994518188114	28.922938526358
26.647165164337	0.292935252079	0.292883533884	0.021986222570	0.021982340866	2.847656250000	2.847656250000	0.039263231494	0.039255305122	85.562500000000	85.562500000000	8976.381724525871	8974.569592939804	563.727941444032	563.718885628572	17.173441267089	17.173441267089	30.139328321585	30.064922431727
26.999897580676	0.410103991713	0.409988890195	0.030378188694	0.030369662623	2.869140625000	2.869140625000	0.054349418608	0.054332788355	88.937500000000	88.937500000000	12733.118303019757	12729.222125539754	571.634125721384	571.623610085569	17.850845086244	17.850845086244	31.328169614036	31.250828794994
27.008614791836	0.127162440152	0.127145162211	0.009416435543	0.009415156104	2.900390625000	2.900390625000	0.016847642026	0.016844926184	94.000000000000	94.000000000000	3949.479144269220	3948.842487718213	582.665162844211	582.651502815190	18.866950814976	18.866950814976	33.111431552713	33.029688339896
27.013883833172	0.073229373960	0.073081988453	0.005421610192	0.005410698358	2.910156250000	2.910156250000	0.009700468221	0.009680699296	95.437500000000	95.437500000000	2274.840807008969	2270.204828964443	586.044512931006	586.030388478718	19.155474663875	19.155474663875	33.617789880979	33.534796605732
27.144499981258	0.054672719534	0.054634878639	0.004028272363	0.004025484255	2.916015625000	2.914062500000	0.007212326969	0.007207152500	96.562500000000	96.562500000000	1706.597810518736	1705.373415470554	587.982152742368	587.964132451531	19.381275936926	19.381275936926	34.014070311796	33.930098726821
27.344261594713	0.103565541734	0.103518071830	0.007574937899	0.007571465879	2.919921875000	2.919921875000	0.013576237128	0.013569670639	97.312500000000	97.312500000000	3256.567934360294	3254.992813422178	589.431598876467	589.412584243798	19.531810118961	19.531810118961	34.278257265674	34.193633474214
27.688837924258	0.352713435593	0.352974438736	0.025476940315	0.025495792904	2.925781250000	2.925781250000	0.045740873164	0.045773561287	98.500000000000	98.500000000000	11230.662941338180	11238.688789371641	592.187620343780	592.167364246270	19.770155907182	19.770155907182	34.696553275981	34.610896824252
27.977098335671	0.085122866514	0.085184560021	0.006085181922	0.006089592209	2.951171875000	2.951171875000	0.010940966798	0.010948619013	103.187500000000	103.187500000000	2738.593482766169	2740.508880795989	601.595246515269	601.581977844870	20.710994544897	20.710994544897	36.347721737719	36.257988995457
28.220205426925	0.147266257198	0.147187049998	0.010436937292	0.010431323782	2.958984375000	2.958984375000	0.018787828789	0.018777248099	104.437500000000	104.437500000000	4779.055576225257	4776.364168642253	603.867066590432	603.855433815530	20.961884848287	20.961884848287	36.788033327516	36.697213574445
28.448284767770	0.204438029705	0.204358000022	0.014372608498	0.014366982171	2.968750000000	2.968750000000	0.025901424098	0.025890628838	106.062500000000	106.062500000000	6688.002614997939	6685.215172661481	607.811228662944	607.797457313852	21.288042242695	21.288042242695	37.360438394251	37.268205527129
28.488165729161	0.179061360722	0.179191592062	0.012570929447	0.012580072284	2.982421875000	2.982421875000	0.022658945978	0.022674851450	109.000000000000	109.000000000000	5866.040114166864	5870.157787260812	613.288261997371	613.272341044210	21.877634455663	21.877634455663	38.395170630274	38.300383287751
28.567040793697	0.160418362179	0.160400930804	0.011231010124	0.011229789740	2.996093750000	2.996093750000	0.020251509545	0.020248796050	111.562500000000	111.562500000000	5269.846846982732	5269.140741295715	618.052208488832	618.039741503009	22.391959577614	22.391959577614	39.297809389357	39.200793674677
28.603048227294	0.424980481426	0.425081671573	0.029715747640	0.029722823120	3.005859375000	3.005859375000	0.053592124429	0.053603527161	113.812500000000	113.812500000000	13978.480450747262	13981.454635090446	622.300875192142	622.287925978323	22.843562123717	22.843562123717	40.090370250991	39.991397916855
28.644036199126	0.170933694965	0.170905097476	0.011935028554	0.011933031804	3.037109375000	3.037109375000	0.021528999431	0.021524852343	120.187500000000	120.187500000000	5630.416930289157	5629.332354381590	633.432600767953	633.422226838854	24.123102671009	24.123102671009	42.335959358954	42.231443269694
28.881361326409	0.090476153102	0.090448025581	0.006265366239	0.006263418442	3.048828125000	3.048828125000	0.011314685174	0.011310881109	122.562500000000	122.562500000000	3004.902933078918	3003.892666805690	637.861487037697	637.850334959443	24.599794247452	24.599794247452	43.172551379568	43.065969969771
29.019405064726	0.063802042511	0.063960374618	0.004397198521	0.004408110675	3.054687500000	3.054687500000	0.007946177221	0.007965694793	124.000000000000	124.000000000000	2129.127883583827	2134.357493441908	640.212604982923	640.200704837694	24.888318096351	24.888318096351	43.678909707834	43.571078235607
29.040860969178	0.272640453829	0.272894278365	0.018776334084	0.018793814595	3.058593750000	3.058593750000	0.033934176629	0.033964908511	125.000000000000	125.000000000000	9104.968435773280	9113.214188090586	641.873279910143	641.865484325276	25.089030339063	25.089030339063	44.031158979672	43.922457898797
29.303884363650	0.121148711076	0.121144075846	0.008268440427	0.008268124071	3.078125000000	3.078125000000	0.014962034068	0.014961082628	129.500000000000	129.500000000000	4082.466697949920	4082.207092778651	648.927018930772	648.925661502311	25.992235431270	25.992235431270	45.616280702940	45.503666383154
29.341551214533	0.285202136971	0.285152263012	0.019440153991	0.019436754446	3.085937500000	3.085937500000	0.035183876967	0.035176833208	131.500000000000	131.500000000000	9623.089087190265	9621.162559501361	652.064983415248	652.063433454899	26.393659916695	26.393659916695	46.320779246615	46.206425709535
29.474116921909	0.039055844841	0.039031877062	0.002650179135	0.002648552774	3.105468750000	3.105468750000	0.004799424556	0.004796357749	136.250000000000	136.250000000000	1323.748556789983	1322.902688467245	659.402632451159	659.399638920505	27.347043069579	27.347043069579	47.993963287842	47.875479109689
29.660107442554	0.134395390853	0.134472584188	0.009062367094	0.009067572290	3.107421875000	3.107421875000	0.016426007081	0.016435025448	136.750000000000	136.750000000000	4583.906551844703	4586.423252861075	660.405617965435	660.401988562239	27.447399190935	27.447399190935	48.170087923761	48.051168941284
29.714155114692	0.177784081755	0.177968565491	0.011966288866	0.011978706095	3.117187500000	3.117187500000	0.021694953251	0.021716915646	138.875000000000	138.875000000000	6074.841064390167	6080.990792196280	663.867070121838	663.865355135980	27.873912706699	27.873912706699	48.918617626415	48.797850725564
29.811484436561	0.108207406448	0.108057828575	0.007259444371	0.007249409455	3.128906250000	3.128906250000	0.013167342247	0.013148807617	142.125000000000	142.125000000000	3709.533099948604	3704.311482479937	668.426755790448	668.429652650163	28.526227495515	28.526227495515	50.063427759887	49.939834630932
29.835490555047	0.126837946403	0.126793176061	0.008502487745	0.008499486598	3.136718750000	3.136718750000	0.015423710556	0.015417875852	143.875000000000	143.875000000000	4351.721018297362	4350.074786529701	671.195843965449	671.194839092567	28.877473920262	28.877473920262	50.679863985602	50.554749041516
29.864895761490	0.021024038368	0.021074318428	0.001407943194	0.001411310362	3.144531250000	3.144531250000	0.002554387937	0.002560432027	146.125000000000	146.125000000000	722.030934230972	723.739374826993	674.429819903294	674.427599384120	29.329076466365	29.329076466365	51.472424847236	51.345353283694
30.325881801611	0.123458940258	0.123512840963	0.008142150066	0.008145704832	3.146484375000	3.146484375000	0.014803186137	0.014809273895	146.625000000000	146.625000000000	4305.411272822828	4307.181858020560	674.964897538398	674.963944359885	29.429432587721	29.429432587721	51.648549483155	51.521043115289
30.370318016828	0.305432569698	0.305595324308	0.020113886824	0.020124604829	3.154296875000	3.154296875000	0.036576269064	0.036594832320	149.000000000000	149.000000000000	10667.025824362458	10672.439573060257	678.146757112237	678.147113865328	29.906124164163	29.906124164163	52.485141503769	52.355569815366
30.429489075293	0.197552689854	0.197480818897	0.012984292268	0.012979568497	3.173828125000	3.173828125000	0.023617706001	0.023608515693	154.375000000000	154.375000000000	6912.836236605773	6910.146259262264	685.966507933299	685.970806679799	30.984952468743	30.984952468743	54.378481339894	54.244235505015
30.435286059305	0.197256156157	0.197273174824	0.012962332982	0.012963451333	3.187500000000	3.187500000000	0.023578379667	0.023579816633	158.000000000000	158.000000000000	6903.774776979741	6904.195522166581	690.986892960215	690.989214008581	31.712534348576	31.712534348576	55.655384950305	55.517986784080
30.453967595668	0.162528182341	0.162687411500	0.010673695099	0.010684152138	3.201171875000	3.201171875000	0.019417000733	0.019435531279	161.750000000000	161.750000000000	5691.820828476760	5697.252797455475	695.964554427731	695.967161149406	32.465205258748	32.465205258748	56.976319719695	56.835660521044
30.736032507664	0.120763607592	0.120648264481	0.007858112953	0.007850607553	3.210937500000	3.210937500000	0.014313133301	0.014299100402	164.875000000000	164.875000000000	4268.374788415253	4264.189983283612	700.041771502435	700.048242763182	33.092431017224	33.092431017224	58.077098694187	57.933721968514
30.833698980067	0.110973582293	0.111093558943	0.007198201057	0.007205983234	3.218750000000	3.218750000000	0.013116839804	0.013130688171	167.500000000000	167.500000000000	3934.811161526325	3938.965417367328	703.083819069023	703.087286315933	33.619300654345	33.619300654345	59.001753032760	58.856093584388
30.844455694200	0.174497545073	0.174774898349	0.011314678191	0.011332662186	3.226562500000	3.226562500000	0.020619028525	0.020651278099	169.500000000000	169.500000000000	6189.350725166356	6199.031294124660	705.876524470257	705.882920601193	34.020725139770	34.020725139770	59.706251576435	59.558852910769
30.868394780428	0.028709538830	0.028721287103	0.001860125156	0.001860886341	3.238281250000	3.238281250000	0.003390114076	0.003391415441	172.875000000000	172.875000000000	1019.104978313979	1019.496182683924	710.247153125851	710.260324733541	34.698128958925	34.698128958925	60.895092868886	60.744759274037
31.175500213405	0.163363964283	0.163320434931	0.010480278627	0.010477486091	3.240234375000	3.240234375000	0.019126410398	0.019120829693	173.500000000000	173.500000000000	5856.637650331062	5854.928800032229	710.964220971554	710.977654412063	34.823574110620	34.823574110620	61.115248663784	60.964371563531
31.312002110093	0.468146170656	0.468434600120	0.029902027281	0.029920450214	3.250000000000	3.250000000000	0.054603532093	0.054635789876	176.875000000000	176.875000000000	16856.638520905009	16866.596810327734	715.071158103877	715.083319532284	35.500977929775	35.500977929775	62.304089956235	62.150277926798
32.071572221238	0.238794551400	0.238995799570	0.014891352987	0.014903902928	3.279296875000	3.279296875000	0.027281921151	0.027304221805	186.875000000000	186.875000000000	8806.905264314886	8814.104161531232	726.762271773188	726.781088556684	37.508100356900	37.508100356900	65.826582674609	65.664074558702
32.448433814211	0.072208833866	0.072164830423	0.004450682229	0.004447970021	3.294921875000	3.294921875000	0.008166916831	0.008161733235	192.000000000000	192.000000000000	2694.404107646018	2692.693951716808	732.796223337184	732.819796979564	38.536750600801	38.536750600801	67.631860192776	67.464895332553
32.785549496912	0.076945502948	0.076906103406	0.004693866910	0.004691463440	3.298828125000	3.298828125000	0.008625266872	0.008620631978	193.625000000000	193.625000000000	2900.977568002883	2899.418691805019	734.632363189158	734.654713996233	38.862907995209	38.862907995209	68.204265259511	68.035887285237
32.834798993455	0.198989024944	0.198779381287	0.012120617823	0.012107848221	3.304687500000	3.304687500000	0.022276916593	0.022252883192	195.125000000000	195.125000000000	7513.497510375541	7505.391590777813	736.604158699154	736.625391558485	39.163976359278	39.163976359278	68.732639167267	68.562956780022
33.006495164425	0.058559178981	0.058529429881	0.003548342754	0.003546540133	3.316406250000	3.316406250000	0.006526245725	0.006522765047	199.750000000000	199.750000000000	2222.660086517943	2221.474663175152	741.686715617359	741.702338596468	40.092270481823	40.092270481823	70.361792049515	70.188087722278
33.155030868467	0.082942488479	0.083111622327	0.005003312397	0.005013515002	3.320312500000	3.320312500000	0.009207888840	0.009226431575	201.250000000000	201.250000000000	3162.315222378054	3168.683454631951	743.183587150431	743.198381149101	40.393338845892	40.393338845892	70.890165957271	70.715157217064
33.312002532696	0.042221511813	0.042260356098	0.002534912860	0.002537245010	3.324218750000	3.324218750000	0.004668137507	0.004672313892	202.875000000000	202.875000000000	1617.384145681228	1618.831151025958	745.308096985509	745.327120932330	40.719496240300	40.719496240300	71.462571024007	71.286149169748
33.345937303743	0.341796996328	0.341700922271	0.020500068312	0.020494306047	3.328125000000	3.328125000000	0.037756858430	0.037745289403	203.625000000000	203.625000000000	13106.593561082509	13102.577588073736	746.392352303962	746.412317923748	40.870030422334	40.870030422334	71.726757977885	71.549683917141
33.422124083200	0.023207746295	0.023221491487	0.001388765492	0.001389588012	3.347656250000	3.347656250000	0.002558608119	0.002560058650	211.750000000000	211.750000000000	891.960610866146	892.466282811348	755.121273133610	755.138348871500	42.500817394373	42.500817394373	74.588783311564	74.404643680562
33.566886215816	0.034964824460	0.034933114534	0.002083292697	0.002081403340	3.349609375000	3.349609375000	0.003840426010	0.003836845900	212.625000000000	212.625000000000	1349.649721840285	1348.391555494670	755.711649870366	755.729046827755	42.676440606747	42.676440606747	74.897001424421	74.712100885854
33.630828261871	0.161631393977	0.161410999038	0.009612097134	0.009598990413	3.351562500000	3.351562500000	0.017723895089	0.017699279058	213.375000000000	213.375000000000	6250.891240368294	6242.209620000286	756.604088986856	756.620633986863	42.826974788781	42.826974788781	75.161188378299	74.975635633247
34.122197720380	0.310754568117	0.310883402992	0.018214217658	0.018221769040	3.361328125000	3.361328125000	0.033651431045	0.033664529735	216.750000000000	216.750000000000	12193.634626838171	12198.380952137983	760.723759791949	760.734509138820	43.504378607936	43.504378607936	76.350029670751	76.161541996514
34.136309563647	0.066430042762	0.066407020427	0.003892045954	0.003890697107	3.378906250000	3.378906250000	0.007191098502	0.007188424226	224.500000000000	224.500000000000	2607.712814430938	2606.743040162577	768.696476731120	768.710201797023	45.059898488958	45.059898488958	79.079961527490	78.884734386240
34.390119313515	0.311715273206	0.311652603789	0.018128187946	0.018124543329	3.382812500000	3.382812500000	0.033527881947	0.033520292157	226.250000000000	225.375000000000	12327.369835500216	12324.579258269974	770.390800927210	770.403866414871	45.411144913705	45.235521701331	79.696397753206	79.192191591531
34.456145988697	0.072191411895	0.072114686305	0.004190335850	0.004185882329	3.400390625000	3.400390625000	0.007751985957	0.007743550933	233.500000000000	233.500000000000	2860.427175533126	2857.314712181841	778.350406943279	778.361546227235	46.866308673370	46.866308673370	82.250204974027	82.047151354953
34.773351985486	0.061936136309	0.061967410924	0.003562275868	0.003564074637	3.404296875000	3.404296875000	0.006598244459	0.006601409017	235.375000000000	235.375000000000	2476.676750503203	2477.864579636338	780.185736324564	780.194854736581	47.242644128456	47.242644128456	82.910672358722	82.705988223435
35.049112005348	0.256696998092	0.256747389577	0.014647846031	0.014650721510	3.408203125000	3.408203125000	0.027160434065	0.027165077731	237.125000000000	237.125000000000	10346.095195348211	10347.864084944855	781.771360382820	781.781219995128	47.593890553203	47.593890553203	83.527108584437	83.320902634018
35.254785147284	0.157501902151	0.157324643955	0.008935065211	0.008925009374	3.423828125000	3.423828125000	0.016580691257	0.016561611236	243.750000000000	243.750000000000	6385.318081900169	6377.970257943671	788.360675776103	788.371574844004	48.923609161173	48.923609161173	85.860760010360	85.648792902655
35.340180058431	0.056138284505	0.056212976392	0.003177023117	0.003181250141	3.431640625000	3.431640625000	0.005897481672	0.005905178676	247.625000000000	247.625000000000	2281.426889591463	2284.404457217130	792.400071423554	792.406278546529	49.701369101684	49.701369101684	87.225725938730	87.010389097517
35.737455420025	0.190838532874	0.190688121708	0.010680029153	0.010671611589	3.435546875000	3.435546875000	0.019855053170	0.019838901682	248.500000000000	248.500000000000	7842.749733328349	7836.369892331927	793.838333718928	793.846405003623	49.876992314058	49.876992314058	87.533944051587	87.317846302809
35.829101316933	0.202008448130	0.202068679153	0.011276221881	0.011279584010	3.445312500000	3.445312500000	0.020970633931	0.020976355198	254.500000000000	254.500000000000	8323.080753334028	8325.351479348592	798.762824507358	798.766852485447	51.081265770333	51.081265770333	89.647439682611	89.426124281951
35.835897357161	0.168438651129	0.168554226301	0.009400554391	0.009407004637	3.457031250000	3.457031250000	0.017482859574	0.017494412386	259.500000000000	259.500000000000	6941.266195433967	6945.853039166635	803.955925762294	803.961339934239	52.084826983895	52.084826983895	91.408686041798	91.183022597903
35.852051657262	0.484185796442	0.483947995911	0.027010214147	0.026996948489	3.466796875000	3.466796875000	0.050235797574	0.050209853145	263.500000000000	263.500000000000	19962.030724199958	19951.721273240881	808.261341871391	808.269564655272	52.887675954745	52.887675954745	92.817683129148	92.588541250665
36.045638819165	0.156710514896	0.156576140214	0.008695116526	0.008687660718	3.494140625000	3.494140625000	0.016183575191	0.016169288661	277.250000000000	277.250000000000	6495.753337963008	6490.019019424567	820.517170745342	820.518988458686	55.647469292042	55.647469292042	97.661110616912	97.420011619532
36.155965737996	0.148818292806	0.148810442364	0.008232018687	0.008231584433	3.501953125000	3.501953125000	0.015327925761	0.015326728939	281.750000000000	281.750000000000	6187.496199945085	6187.013073394350	824.465997374000	824.464328786085	56.550674384249	56.550674384249	99.246232340180	99.001220103889
36.408924559457	0.056855595628	0.056919450925	0.003123168087	0.003126675760	3.511718750000	3.511718750000	0.005820739356	0.005827129100	286.000000000000	286.000000000000	2380.453627075658	2383.066781126030	828.209923283855	828.207970569037	57.403701415777	57.403701415777	100.743291745489	100.494583672448
36.494436243274	0.211853248492	0.211893182636	0.011610166935	0.011612355441	3.513671875000	3.513671875000	0.021645005449	0.021648537129	288.250000000000	288.250000000000	8890.791953680362	8892.242608509367	829.645786256355	829.645411784583	57.855303961880	57.855303961880	101.535852607123	101.285187914626
36.513263436521	0.264753536610	0.264579146157	0.014501773421	0.014492221251	3.525390625000	3.525390625000	0.027037737183	0.027019243271	294.000000000000	294.000000000000	11116.577027305666	11108.973247605962	834.986779899302	834.987276492115	59.009399357477	59.009399357477	103.561285920188	103.305620977971
36.668698570411	0.198308864879	0.198195820027	0.010816247787	0.010810082046	3.541015625000	3.541015625000	0.020177752664	0.020165739627	302.250000000000	302.250000000000	8362.117889770592	8357.139414990159	841.617193047950	841.613168356654	60.665275359855	60.665275359855	106.467342412846	106.204503199292
36.811425007110	0.164554856138	0.164611499338	0.008940423040	0.008943500520	3.550781250000	3.550781250000	0.016687064386	0.016692385582	308.000000000000	308.000000000000	6965.815924714043	6968.037194363644	846.570503575267	846.563562035548	61.819370755452	61.819370755452	108.492775725911	108.224936262636
36.969851611660	0.161191642862	0.161355172922	0.008720167154	0.008729013825	3.560546875000	3.560546875000	0.016285311040	0.016301419668	314.250000000000	314.250000000000	6852.813142364394	6859.591607852943	850.674693080966	850.669090634354	63.073822272405	63.073822272405	110.694333674895	110.421059157576
36.983608489460	0.096751448274	0.096708540516	0.005232125919	0.005229805553	3.568359375000	3.568359375000	0.009771720411	0.009767139392	319.250000000000	319.250000000000	4114.768614497387	4112.839595544873	854.693071570584	854.691460919396	64.077383485968	64.077383485968	112.455580034081	112.177957473528
37.100919439447	0.013105468151	0.013071486911	0.000706476732	0.000704644904	3.574218750000	3.574218750000	0.001320001750	0.001316545760	321.750000000000	321.750000000000	559.133962601336	557.670054626557	857.096852873266	857.094121414957	64.579164092749	64.579164092749	113.336203213675	113.056406631504
37.522682672524	0.223701556387	0.223408345540	0.011923537469	0.011907909010	3.574218750000	3.574218750000	0.022311931649	0.022282122446	323.000000000000	323.000000000000	9652.538602594621	9639.642611247156	857.422969815865	857.419385725972	64.830054396140	64.830054396140	113.776514803472	113.495631210492
37.555406430438	0.065925858167	0.065920850347	0.003510858459	0.003510591769	3.585937500000	3.585937500000	0.006570461477	0.006569795954	329.250000000000	329.250000000000	2847.127518795254	2846.839133121921	863.033422163043	863.022389993418	66.084505913093	66.084505913093	115.978072752455	115.691754105432
37.859083075017	0.489087354647	0.488719490029	0.025837253041	0.025817819679	3.589843750000	3.589843750000	0.048405552961	0.048367919747	331.750000000000	331.750000000000	21292.918243276792	21276.363924575202	864.681337423937	864.670159519266	66.586286519874	66.586286519874	116.858695932049	116.570203263408
37.901512153118	0.028876344296	0.028890585470	0.001523756845	0.001524508329	3.615234375000	3.615234375000	0.002855152625	0.002856488365	349.250000000000	347.750000000000	1258.570098789924	1259.158901684794	876.907482880905	876.887021621171	70.098750767343	69.797682403274	123.023058189203	122.192277874454
38.179624515177	0.029090877559	0.029259792259	0.001523895425	0.001532743846	3.617187500000	3.617187500000	0.002858193498	0.002874716633	349.250000000000	349.250000000000	1277.224192890536	1284.607789441403	877.624808008135	877.604698933029	70.098750767343	70.098750767343	123.023058189203	122.719347369239
38.249296454429	0.029144618874	0.029035524260	0.001523929671	0.001518225272	3.619140625000	3.619140625000	0.002858951312	0.002848177491	350.500000000000	350.500000000000	1281.918728691581	1277.087879326300	878.352166174938	878.336276934281	70.349641070734	70.349641070734	123.463369778999	123.158571948227
38.350462818535	0.038540018331	0.038583456021	0.002009885435	0.002012150737	3.621093750000	3.621093750000	0.003771948518	0.003776104153	352.000000000000	352.000000000000	1699.656608547033	1701.529155985678	879.081592659576	879.062968881126	70.650709434802	70.650709434802	123.991743686755	123.685641443013
38.381352907849	0.038995302857	0.038900727934	0.002031992095	0.002027063925	3.623046875000	3.623046875000	0.003813844461	0.003804498409	353.250000000000	353.250000000000	1721.120342435881	1716.902635024856	880.047784589817	880.030245170066	70.901599738193	70.901599738193	124.432055276552	124.124866022001
38.625622961522	0.354924898936	0.355122248004	0.018377691891	0.018387910448	3.625000000000	3.625000000000	0.034522181187	0.034540501620	354.750000000000	354.750000000000	15764.878395587213	15773.244593218944	881.025098112352	881.005184462107	71.202668102262	71.202668102262	124.960429184308	124.651935516786
38.741733291692	0.238762748791	0.238667380388	0.012325868179	0.012320944889	3.642578125000	3.642578125000	0.023163169004	0.023153330495	366.000000000000	366.000000000000	10637.125372987253	10632.607275881644	889.927020546892	889.912006685116	73.460680832777	73.460680832777	128.923233492479	128.604956727678
38.801471273813	0.046712813776	0.046633528171	0.002407785697	0.002403698965	3.654296875000	3.654296875000	0.004525714635	0.004517918700	374.500000000000	374.500000000000	2084.312736980567	2080.722328125431	895.883489786733	895.866054116468	75.166734895834	75.166734895834	131.917352303096	131.591683864796
38.883809075527	0.052396340120	0.052346590401	0.002695020954	0.002692462063	3.658203125000	3.658203125000	0.005067032992	0.005062093674	377.500000000000	377.500000000000	2342.871209334395	2340.587390298630	897.046007743993	897.026593388589	75.768871623971	75.768871623971	132.974100118608	132.645822854368
38.888679788876	0.048537187866	0.048574769576	0.002496211655	0.002498144439	3.660156250000	3.660156250000	0.004693320526	0.004696835526	379.000000000000	379.000000000000	2170.583370126622	2172.208999740251	898.350939899753	898.330282600244	76.069939988040	76.069939988040	133.502474026364	133.172892349153
38.989575088387	0.075365550761	0.075271159316	0.003865933424	0.003861091543	3.662109375000	3.662109375000	0.007271140913	0.007261850234	380.500000000000	380.500000000000	3379.092188648621	3374.774563688337	899.558221900560	899.538495916865	76.371008352109	76.371008352109	134.030847934120	133.699961843939
39.074978919610	0.078122274767	0.078285300000	0.003998583079	0.004006927306	3.666015625000	3.666015625000	0.007522815638	0.007538323263	383.500000000000	383.500000000000	3510.365146245456	3517.601456270805	901.434460611278	901.412380767018	76.973145080246	76.973145080246	135.087595749633	134.754100833510
39.143195472243	0.083881169074	0.084088511752	0.004285862105	0.004296456165	3.669921875000	3.669921875000	0.008065160059	0.008084891222	386.500000000000	386.500000000000	3775.716798948366	3784.953972496063	903.379461756681	903.361434674037	77.575281808384	77.575281808384	136.144343565145	135.808239823081
39.193762206736	0.087887282820	0.087862262778	0.004484758690	0.004483481954	3.675781250000	3.675781250000	0.008440890142	0.008438273409	389.500000000000	389.500000000000	3961.153315782562	3959.925331821668	905.466823645537	905.453938987970	78.177418536521	78.177418536521	137.201091380657	136.862378812652
39.199698825236	0.027279543397	0.027353170306	0.001391824132	0.001395580636	3.679687500000	3.679687500000	0.002619643867	0.002626647694	392.500000000000	392.500000000000	1229.698060499059	1232.985756424793	907.651542189249	907.638012073454	78.779555264659	78.779555264659	138.257839196169	137.916517802223
39.202321695867	0.064955690631	0.065097158558	0.003313869578	0.003321086902	3.681640625000	3.681640625000	0.006237307541	0.006250733524	394.000000000000	394.000000000000	2928.246641043317	2934.549775498763	908.328696067134	908.316985813365	79.080623628728	79.080623628728	138.786213103925	138.443587297009
39.220538902133	0.238282838973	0.238531083648	0.012150921208	0.012163580120	3.683593750000	3.683593750000	0.022871661269	0.022894909165	395.750000000000	395.750000000000	10746.943938360879	10757.867667356599	909.939155515391	909.930929517497	79.431870053474	79.431870053474	139.402649329640	139.058501707592
39.444937587230	0.054904402084	0.055118211173	0.002783850372	0.002794691261	3.695312500000	3.695312500000	0.005244002249	0.005264290127	405.000000000000	405.000000000000	2490.445834136778	2500.080814841132	915.825425874618	915.823216652609	81.288458298565	81.288458298565	142.660955094136	142.308763592103
39.525387337561	0.006986371593	0.007069378067	0.000353513125	0.000357713285	3.699218750000	3.699218750000	0.000666100516	0.000673997516	408.250000000000	408.250000000000	317.545875907725	321.310562585370	917.184090852301	917.187137379703	81.940773087381	81.940773087381	143.805765227608	143.450747497472
39.648553965234	0.092861201325	0.092953900768	0.004684216297	0.004688892354	3.699218750000	3.699218750000	0.008829785401	0.008838375919	408.250000000000	408.250000000000	4233.897221889907	4238.016389800753	917.357183646844	917.362281510069	81.940773087381	81.940773087381	143.805765227608	143.450747497472
39.824641403040	0.006819877837	0.006728822636	0.000342495380	0.000337922573	3.703125000000	3.703125000000	0.000645985421	0.000637344440	411.500000000000	411.500000000000	312.325274332045	308.147475937276	919.661948549769	919.669273123311	82.593087876196	82.593087876196	144.950575361079	144.592731402840
39.937536958387	0.098840795564	0.098768019244	0.004949769219	0.004946124712	3.705078125000	3.705078125000	0.009339328155	0.009332215226	411.500000000000	411.500000000000	4539.376140837144	4535.918905057078	919.831737267578	919.836789546437	82.593087876196	82.593087876196	144.950575361079	144.592731402840
40.015644072189	0.015253355787	0.015212020711	0.000762369625	0.000760303679	3.708984375000	3.708984375000	0.001438826802	0.001434891377	416.250000000000	416.250000000000	701.897786378683	699.977981913992	922.295940046105	922.299104579503	83.546471029081	83.546471029081	146.623759402307	146.261784802995
40.161028602763	0.110050151078	0.110199587719	0.005480444844	0.005487886718	3.710937500000	3.710937500000	0.010348252636	0.010362042002	416.250000000000	416.250000000000	5082.461896585271	5089.234433891645	922.676378158619	922.678501044686	83.546471029081	83.546471029081	146.623759402307	146.261784802995
40.163723431230	0.091862608501	0.091707789076	0.004574406985	0.004566697569	3.714843750000	3.714843750000	0.008637535894	0.008622760313	421.250000000000	421.250000000000	4242.788686126368	4235.530867468975	925.426475041908	925.432250747703	84.550032242643	84.550032242643	148.385005761493	148.018683118947
40.222425821918	0.107998086424	0.107832000785	0.005370043413	0.005361785053	3.720703125000	3.720703125000	0.010141838935	0.010125985731	424.500000000000	424.500000000000	4995.316163412810	4987.507740629869	927.715985307259	927.717835115521	85.202347031459	85.202347031459	149.529815894965	149.160667024315
40.305620206231	0.093081502523	0.093060635833	0.004618785273	0.004617749850	3.724609375000	3.724609375000	0.008725398680	0.008723221680	427.750000000000	427.750000000000	4314.273309659301	4313.196892186421	930.404355943173	930.402004153075	85.854661820275	85.854661820275	150.674626028436	150.302650929684
40.321728494441	0.239703750537	0.239297964855	0.011889557293	0.011869429897	3.730468750000	3.730468750000	0.022461880994	0.022423288091	432.750000000000	432.750000000000	11114.569124272082	11095.472616265521	932.719968086719	932.717045102235	86.858223033837	86.858223033837	152.435872387623	152.059549245636
40.368674288073	0.032117074914	0.032181541134	0.001591187993	0.001594381867	3.742187500000	3.742187500000	0.003006551868	0.003012510386	441.250000000000	441.250000000000	1490.936452034752	1493.891256016227	938.659207589188	938.646130786523	88.564277096893	88.564277096893	155.429991198241	155.046276382754
40.470961075094	0.136847243490	0.136844627428	0.006762737521	0.006762608240	3.744140625000	3.744140625000	0.012782473900	0.012781905761	443.000000000000	443.000000000000	6368.809116482724	6368.526043579594	939.453056008653	939.441562896025	88.915523521640	88.915523521640	156.046427423956	155.661190793337
40.719839939319	0.051074263786	0.051032471495	0.002508568986	0.002506516311	3.750000000000	3.750000000000	0.004745368432	0.004741365358	448.250000000000	448.250000000000	2391.590602757098	2389.573116682366	942.836599608055	942.824997621566	89.969262795881	89.969262795881	157.895736101103	157.505934025087
40.920286517465	0.080045175551	0.080039201625	0.003912249027	0.003911957048	3.751953125000	3.751953125000	0.007405454494	0.007404714240	451.750000000000	451.750000000000	3766.625898910906	3766.249384622414	944.104043081713	944.091388191201	90.671755645375	90.671755645375	159.128608552533	158.735762846253
40.943819501657	0.085069154215	0.084893149202	0.004155408814	0.004146811423	3.755859375000	3.755859375000	0.007866325454	0.007849851464	453.500000000000	453.500000000000	4005.337620657102	3996.949473912782	946.096755127164	946.083927905665	91.023002070122	91.023002070122	159.745044778249	159.350677256836
40.982526951257	0.211970244190	0.212041159153	0.010344420413	0.010347881155	3.761718750000	3.761718750000	0.019584767931	0.019590823785	459.000000000000	457.250000000000	9989.696504071069	9992.785442569426	948.211161969108	948.193940138474	92.126919405040	91.775672980294	161.682415773354	160.668350993800
41.030958830154	0.082531332761	0.082532321133	0.004022881020	0.004022929197	3.771484375000	3.771484375000	0.007617581017	0.007617479283	468.000000000000	466.250000000000	3894.118697017143	3894.066690461143	953.464264766581	953.448757699067	93.933329589453	93.582083164706	164.852659219891	163.830767962514
41.052978399246	0.028130318839	0.028202451582	0.001370439853	0.001373953982	3.775390625000	3.775390625000	0.002595198550	0.002601787342	469.750000000000	469.750000000000	1327.999728549493	1331.371306402561	955.504172091307	955.488670915754	94.284576014200	94.284576014200	165.469095445606	165.060596783680
41.185374167269	0.096273457437	0.096227373203	0.004675128459	0.004672890566	3.777343750000	3.777343750000	0.008857036906	0.008852572968	471.750000000000	471.750000000000	4559.615754197313	4557.317712293693	956.198840520340	956.185113644192	94.686000499625	94.686000499625	166.173593989281	165.763356110061
41.309617450820	0.068487206693	0.068483853753	0.003315799609	0.003315637277	3.781250000000	3.781250000000	0.006284279900	0.006283813063	475.250000000000	475.250000000000	3253.413673566534	3253.171988800392	958.580115778874	958.565224315513	95.388493349119	95.388493349119	167.406466440712	166.993184931227
41.404352399736	0.121732102658	0.121810141433	0.005880159722	0.005883929315	3.785156250000	3.785156250000	0.011147754108	0.011154618036	479.000000000000	479.000000000000	5796.018736936671	5799.587478882112	960.275612540591	960.260621527224	96.141164259291	96.141164259291	168.727401210102	168.310858668191
41.409580057015	0.055381442423	0.055500439388	0.002674813043	0.002680560359	3.791015625000	3.791015625000	0.005071061875	0.005081829233	484.750000000000	484.750000000000	2637.204147073262	2642.803707848526	963.288778496430	963.275686776498	97.295259654888	97.295259654888	170.752834523167	170.331291731536
41.480871706051	0.055019294229	0.054859238466	0.002652754967	0.002645037879	3.792968750000	3.792968750000	0.005030382034	0.005015621177	486.750000000000	486.750000000000	2624.469622784215	2616.768533549842	964.656661680319	964.646490919125	97.696684140313	97.696684140313	171.457333066841	171.034051057916
41.545398515925	0.052350486992	0.052467537958	0.002520158134	0.002525792980	3.794921875000	3.794921875000	0.004779918399	0.004790484516	488.500000000000	488.500000000000	2501.049666611501	2506.578293336987	966.016016713492	966.001874209430	98.047930565059	98.047930565059	172.073769292557	171.648965468500
41.651161987535	0.079188114123	0.079248043103	0.003802444414	0.003805322076	3.798828125000	3.798828125000	0.007214410828	0.007219687757	492.250000000000	492.250000000000	3792.851009273777	3795.625263111527	967.309668210554	967.298402391666	98.800601475231	98.800601475231	173.394704061947	172.966639205463
41.658307260857	0.070913275183	0.070937323034	0.003404520243	0.003405674772	3.802734375000	3.802734375000	0.006459571626	0.006461598492	496.250000000000	494.250000000000	3397.096030398843	3398.161961615561	969.268200872641	969.258388941040	99.603450446081	99.202025960656	174.803701149296	173.669398531844
41.780108040834	0.028633838128	0.028671179567	0.001370692393	0.001372479915	3.804687500000	3.804687500000	0.002601684263	0.002605011136	498.250000000000	498.250000000000	1375.712822145816	1377.471998633360	971.019022086223	971.009776724311	100.004874931506	100.004874931506	175.508199692971	175.074917184606
41.883599236934	0.013195268284	0.013282327252	0.000630092376	0.000634249563	3.806640625000	3.806640625000	0.001196355081	0.001204217818	500.000000000000	500.000000000000	635.537060526454	639.713964950898	971.727150014566	971.718816578556	100.356121356253	100.356121356253	176.124635918687	175.689831595189
41.992119357145	0.082628271364	0.082714310272	0.003935418008	0.003939515868	3.806640625000	3.806640625000	0.007474712099	0.007482305808	500.000000000000	500.000000000000	3990.020455868653	3994.073997133774	972.054109160574	972.047927037438	100.356121356253	100.356121356253	176.124635918687	175.689831595189
42.267898249670	0.107475182305	0.107487573400	0.005085428269	0.005086014581	3.810546875000	3.812500000000	0.009667287058	0.009668156718	504.000000000000	504.000000000000	5223.931874412486	5224.401814669450	974.104312479842	974.100224029803	101.158970327103	101.158970327103	177.533633006036	177.095350247950
42.734170285453	0.010158531199	0.010148897819	0.000475428966	0.000474978115	3.816406250000	3.816406250000	0.000905082052	0.000904200854	510.000000000000	510.000000000000	499.211815576174	498.725777460783	976.782034778608	976.778198092885	102.363243783378	102.363243783378	179.647128637060	179.203628227093
42.976868816332	0.009741591623	0.009656362314	0.000453341153	0.000449374865	3.816406250000	3.816406250000	0.000863674013	0.000856096032	510.000000000000	510.000000000000	481.441308993949	477.217084379497	977.037540364655	977.033455950739	102.363243783378	102.363243783378	179.647128637060	179.203628227093
43.505244060841	0.177044241935	0.176699788089	0.008138983966	0.008123148917	3.818359375000	3.818359375000	0.015530652837	0.015500044064	510.000000000000	510.000000000000	8857.314729808772	8839.858185552068	977.283887409799	977.277642807520	102.363243783378	102.363243783378	179.647128637060	179.203628227093
43.791020088797	0.096857733395	0.096800746778	0.004423634489	0.004421031827	3.826171875000	3.826171875000	0.008448324440	0.008443139961	518.000000000000	518.000000000000	4877.508384232106	4874.515206179389	981.805027141651	981.789921173046	103.968941725078	103.968941725078	182.465122811759	182.014665532616
43.879658222203	0.074247551699	0.074092075978	0.003384144485	0.003377058026	3.830078125000	3.830078125000	0.006464798856	0.006451098036	522.000000000000	522.000000000000	3746.485314036233	3738.545403874410	984.285842479129	984.269254077945	104.771790695928	104.771790695928	183.874119899109	183.420184185377
44.203919409662	0.082134800024	0.082031612844	0.003716177259	0.003711508569	3.833984375000	3.833984375000	0.007105917869	0.007096810827	526.000000000000	526.000000000000	4175.097706994400	4169.746844396998	986.187155168270	986.166573113807	105.574639666778	105.574639666778	185.283116986458	184.825702838139
45.143920137694	0.100876549503	0.100893893761	0.004469108983	0.004469877381	3.837890625000	3.837890625000	0.008569117713	0.008570373950	530.500000000000	530.500000000000	5236.826053140379	5237.593774679101	988.301675970389	988.278430793380	106.477844758985	106.477844758985	186.868238709726	186.406911322495
45.805801473602	0.167235715566	0.167643730882	0.007301944740	0.007319759746	3.841796875000	3.841796875000	0.014027358787	0.014061226013	534.500000000000	534.500000000000	8809.031848437424	8830.300105843413	990.947540881464	990.924745147736	107.280693729835	107.280693729835	188.277235797076	187.812429975257
45.847368188142	0.181591459841	0.181626016368	0.007921565273	0.007923072732	3.849609375000	3.849609375000	0.015219470903	0.015221981549	541.000000000000	541.000000000000	9573.891282275124	9575.470618113719	995.382369055961	995.370358535931	108.585323307466	108.585323307466	190.566856064019	190.096397785994
45.934630102246	0.137217350293	0.137229026778	0.005974461969	0.005974970364	3.857421875000	3.857421875000	0.011481394416	0.011482080568	549.500000000000	549.500000000000	7248.162360836750	7248.595526084519	1000.179959762109	1000.168796388921	110.291377370522	110.291377370522	193.560974874637	193.083124923113
46.550067403069	0.039661098521	0.039547891736	0.001704018951	0.001699155079	3.863281250000	3.863281250000	0.003280351923	0.003270905784	555.500000000000	555.500000000000	2123.067069173821	2116.953460766778	1003.796849103727	1003.785941720717	111.495650826797	111.495650826797	195.674470505661	195.191402902255
46.701182150131	0.110587744761	0.111079530853	0.004735971968	0.004757032937	3.865234375000	3.865234375000	0.009120898613	0.009161227381	558.000000000000	558.000000000000	5939.002887329042	5965.262654200438	1004.853810929602	1004.839872943403	111.997431433579	111.997431433579	196.555093685254	196.069852060231
46.714274277679	0.157657924212	0.157580300509	0.006749882200	0.006746558860	3.869140625000	3.869140625000	0.012999913941	0.012993184232	562.500000000000	562.500000000000	8469.232811340851	8464.848515357071	1007.804635942439	1007.803767065352	112.900636525785	112.900636525785	198.140215408522	197.651060544587
46.792056219884	0.171902630396	0.172031336240	0.007347513415	0.007353014599	3.876953125000	3.876953125000	0.014153971346	0.014164209821	571.000000000000	571.000000000000	9249.820674994091	9256.511663114430	1011.997735688382	1011.994704248234	114.606690588841	114.606690588841	201.134334219140	200.637787681706
46.809631830860	0.044545857677	0.044568422693	0.001903277421	0.001904241540	3.882812500000	3.882812500000	0.003666579911	0.003668344319	578.000000000000	578.000000000000	2397.845580283006	2398.999456137542	1016.557542745814	1016.557815910923	116.011676287829	116.011676287829	203.600079122002	203.097445324038
47.315912921605	0.087968689920	0.088034612171	0.003718355390	0.003721141863	3.884765625000	3.884765625000	0.007173233030	0.007178426692	580.000000000000	580.000000000000	4786.455317164484	4789.920871418166	1017.736254288748	1017.737094020712	116.413100773254	116.413100773254	204.304577665676	203.800204650419
47.403896259682	0.009967488274	0.009928481488	0.000420534558	0.000418888837	3.888671875000	3.888671875000	0.000811465619	0.000808269554	584.500000000000	584.500000000000	543.348451079443	541.208400794789	1020.085064399462	1020.087600854525	117.316305865460	117.316305865460	205.889699388945	205.381413134776
47.415196558374	0.090253681198	0.090440434746	0.003806951684	0.003814829055	3.888671875000	3.888671875000	0.007346139832	0.007361154048	584.500000000000	584.500000000000	4921.088107671599	4931.145945629214	1020.351354711667	1020.352841823815	117.316305865460	117.316305865460	205.889699388945	205.381413134776
47.510286320269	0.009727141889	0.009695873027	0.000409475195	0.000408158897	3.892578125000	3.892578125000	0.000790354573	0.000787793945	589.500000000000	589.500000000000	531.436720628229	529.714946317626	1022.759979256915	1022.766379855911	118.319867079023	118.319867079023	207.650945748131	207.138311450728
47.700577855952	0.079187122592	0.079636823552	0.003320174562	0.003339029720	3.894531250000	3.894531250000	0.006411796830	0.006448045868	589.500000000000	589.500000000000	4343.670401488308	4368.227304530080	1023.019751466331	1023.025308929297	118.319867079023	118.319867079023	207.650945748131	207.138311450728
48.341339574824	0.012573941742	0.012555663251	0.000520214866	0.000519458640	3.896484375000	3.896484375000	0.001006352314	0.001004863945	594.000000000000	594.000000000000	698.986496128165	697.952713222968	1025.140518315281	1025.158041481611	119.223072171229	119.223072171229	209.236067471400	208.719519935084
48.460636903512	0.119079010620	0.118821884563	0.004914463293	0.004903851544	3.898437500000	3.898437500000	0.009510021471	0.009489246207	594.000000000000	594.000000000000	6635.948335474925	6621.451672459723	1025.481383930421	1025.498397233090	119.223072171229	119.223072171229	209.236067471400	208.719519935084
48.514208262898	0.012887746623	0.012789955691	0.000531297823	0.000527266389	3.902343750000	3.902343750000	0.001028265662	0.001020437436	601.000000000000	601.000000000000	718.992894165353	713.519173702578	1028.711824138969	1028.721738080855	120.628057870216	120.628057870216	211.701812374261	211.179177577417
49.051116899117	0.058098595568	0.058162675321	0.002368900006	0.002371512781	3.902343750000	3.902343750000	0.004591241380	0.004596188855	601.000000000000	601.000000000000	3277.126424532561	3280.657822803479	1029.061227535802	1029.068478563890	120.628057870216	120.628057870216	211.701812374261	211.179177577417
49.535695274223	0.100902208061	0.101379144741	0.004073919120	0.004093175403	3.906250000000	3.906250000000	0.007905791390	0.007942958662	603.500000000000	603.500000000000	5747.746346130074	5774.768062903568	1030.652286875658	1030.661239882728	121.129838476998	121.129838476998	212.582435553855	212.057626735393
49.681541368901	0.069301004414	0.069215828597	0.002789808951	0.002786380080	3.910156250000	3.910156250000	0.005415912325	0.005409118768	608.000000000000	608.000000000000	3959.252971622959	3954.286603840787	1033.436927339136	1033.458929740077	122.033043569204	122.033043569204	214.167557277123	213.638835219750
49.876243580524	0.068470213879	0.068573424244	0.002745604278	0.002749742937	3.912109375000	3.912109375000	0.005332777720	0.005340680936	613.000000000000	613.000000000000	3927.119190637956	3932.939210155459	1035.350730795983	1035.370294176603	123.036604782766	123.036604782766	215.928803636310	215.395733535702
50.119664417555	0.085453599825	0.085725740884	0.003409982921	0.003420842573	3.914062500000	3.914062500000	0.006627342466	0.006648279920	615.000000000000	615.000000000000	4925.124098649297	4940.683813767720	1037.245513343111	1037.267846447340	123.438029268191	123.438029268191	216.633302179984	216.098492862082
50.197020863163	0.086697948434	0.086632718514	0.003454306528	0.003451707572	3.917968750000	3.917968750000	0.006714815821	0.006709593757	620.000000000000	620.000000000000	5004.554517567883	5000.662511145090	1039.616938612037	1039.646703975571	124.441590481754	124.441590481754	218.394548539171	217.855391178034
50.308153546346	0.066839431746	0.066843721225	0.002657200753	0.002657371281	3.921875000000	3.921875000000	0.005166791295	0.005166991993	622.500000000000	622.500000000000	3866.782884593214	3866.933084617879	1042.021081152695	1042.048910367654	124.943371088535	124.943371088535	219.275171718765	218.733840336010
50.439751939644	0.073717066826	0.073489911887	0.002922974995	0.002913968014	3.923828125000	3.923828125000	0.005685481968	0.005667818907	627.500000000000	627.500000000000	4275.822314589672	4262.538636600254	1043.874856700373	1043.902708437445	125.946932302098	125.946932302098	221.036418077952	220.490738651962
50.588019397666	0.058252045659	0.058322472735	0.002302997680	0.002305782018	3.927734375000	3.927734375000	0.004481250847	0.004486555056	629.500000000000	629.500000000000	3388.734300368562	3392.745358307433	1045.920904641367	1045.942351814684	126.348356787523	126.348356787523	221.740916621626	221.193497978343
50.668933002817	0.105471384714	0.105598022950	0.004163157914	0.004168156568	3.929687500000	3.929687500000	0.008102474535	0.008111997593	632.000000000000	632.000000000000	6145.469500360615	6152.692437225314	1047.539628398937	1047.562956904233	126.850137394304	126.850137394304	222.621539801220	222.071947136319
51.205230554840	0.066905696572	0.067052579347	0.002613236806	0.002618973828	3.933593750000	3.933593750000	0.005092835651	0.005103887023	637.000000000000	637.000000000000	3939.635873787932	3948.184820796095	1050.468820368574	1050.495521701623	127.853698607867	127.853698607867	224.382786160407	223.828845452271
51.583762735292	0.053123236758	0.053330465289	0.002059688318	0.002067722960	3.935546875000	3.935546875000	0.004017833494	0.004033404497	642.000000000000	642.000000000000	3151.201739251498	3163.414134713015	1052.342329491849	1052.373045044371	128.857259821429	128.857259821429	226.144032519594	225.585743768222
51.586385361996	0.058838424304	0.058984463299	0.002281160965	0.002286822885	3.939453125000	3.939453125000	0.004449889083	0.004460820863	644.500000000000	644.500000000000	3490.396727300671	3498.971378928297	1053.838498148356	1053.874964154038	129.359040428210	129.359040428210	227.024655699187	226.464192926198
51.696520219250	0.062399738754	0.062409404491	0.002414078878	0.002414452819	3.941406250000	3.941406250000	0.004710458940	0.004711069254	647.000000000000	647.000000000000	3709.562933008955	3710.043565401163	1055.493238683642	1055.533709290993	129.860821034992	129.860821034992	227.905278878780	227.342642084174
51.832319768214	0.109057832833	0.109190594874	0.004208101560	0.004213224311	3.943359375000	3.943359375000	0.008213792287	0.008223583071	649.500000000000	649.500000000000	6500.341457694674	6508.089819619525	1057.249043432952	1057.289674126728	130.362601641773	130.362601641773	228.785902058374	228.221091242150
51.957246002036	0.125433118762	0.124929091871	0.004828320529	0.004808918928	3.947265625000	3.947265625000	0.009427299070	0.009389179591	655.000000000000	655.000000000000	7494.402341918622	7464.098570586964	1060.318764003348	1060.362930715056	131.466518976692	131.466518976692	230.723273053479	230.153679389697
52.176339912554	0.058360193415	0.058126653716	0.002237036692	0.002228084753	3.953125000000	3.953125000000	0.004370165524	0.004352567198	662.500000000000	662.500000000000	3501.619839215426	3487.519081157222	1063.846926789520	1063.876704982871	132.971860797036	132.971860797036	233.365142592260	232.789026863625
53.507261963686	0.068748462807	0.069007435264	0.002569687190	0.002579367089	3.955078125000	3.955078125000	0.005036173042	0.005055016036	665.000000000000	665.000000000000	4230.136493544134	4245.963677519361	1065.491390616894	1065.514505995281	133.473641403817	133.473641403817	234.245765771853	233.667476021601
53.605678378452	0.061156877570	0.061136423060	0.002281731317	0.002280968170	3.957031250000	3.957031250000	0.004472872610	0.004471263352	667.500000000000	667.500000000000	3769.942802942483	3768.586446123267	1067.474608584329	1067.505094209806	133.975422010598	133.975422010598	235.126388951447	234.545925179577
54.084669850189	0.021866955266	0.022003459882	0.000808619349	0.000813667161	3.958984375000	3.958984375000	0.001586930324	0.001596796298	670.500000000000	670.500000000000	1360.007052210150	1368.462240624183	1069.238973651451	1069.268774728791	134.577558738736	134.577558738736	236.183136766959	235.600064169148
54.624978914437	0.058091165173	0.058384178615	0.002126908470	0.002137636655	3.960937500000	3.960937500000	0.004179374818	0.004200349300	673.000000000000	673.000000000000	3649.051819389411	3667.364838704087	1069.874754271461	1069.908489007651	135.079339345517	135.079339345517	237.063759946552	236.478513327124
55.024442672700	0.021639664734	0.021698771325	0.000786547348	0.000788695724	3.962890625000	3.962890625000	0.001546996060	0.001551182233	675.500000000000	675.500000000000	1369.256594419330	1372.961803777408	1071.578761289532	1071.620986958234	135.581119952298	135.581119952298	237.944383126146	237.356962485100
55.102377326914	0.062264525067	0.062309969057	0.002259957849	0.002261607287	3.962890625000	3.962890625000	0.004445725930	0.004448857965	675.500000000000	675.500000000000	3945.387616074279	3948.167159658160	1072.217467793370	1072.261396065864	135.581119952298	135.581119952298	237.944383126146	237.356962485100
55.475193249939	0.071907154237	0.071703254575	0.002592407526	0.002585056505	3.964843750000	3.964843750000	0.005104075451	0.005089473431	678.500000000000	678.500000000000	4587.220182103953	4574.096810007837	1074.055718227552	1074.100865213679	136.183256680436	136.183256680436	239.001130941658	238.411101474671
55.621032029570	0.075178376222	0.074953397035	0.002703235574	0.002695145858	3.968750000000	3.968750000000	0.005324051551	0.005307984310	681.000000000000	681.000000000000	4808.511342770327	4793.999929609818	1076.189066121472	1076.228026703812	136.685037287217	136.685037287217	239.881754121251	239.289550632647
56.158701192533	0.085242419167	0.084979865190	0.003035768896	0.003026418467	3.970703125000	3.970703125000	0.005986270006	0.005967680611	686.500000000000	686.500000000000	5504.925963195707	5487.831304679974	1078.420797918037	1078.452950013301	137.788954622136	137.788954622136	241.819125116357	241.222138780194
57.328204615714	0.043196190489	0.043440371126	0.001506978660	0.001515497351	3.972656250000	3.974609375000	0.002979383487	0.002996149533	689.000000000000	689.000000000000	2847.688290654796	2863.713241535553	1080.970093640602	1080.994263026900	138.290735228917	138.290735228917	242.699748295950	242.100587938170
57.586831815804	0.041477769644	0.041586934868	0.001440529661	0.001444320986	3.974609375000	3.974609375000	0.002849628645	0.002857056201	691.500000000000	691.500000000000	2746.738041186006	2753.897413675711	1082.286483162396	1082.318026246725	138.792515835698	138.792515835698	243.580371475544	242.979037096146
57.897416671809	0.079555889432	0.079310542130	0.002748167155	0.002739691913	3.976562500000	3.976562500000	0.005440062581	0.005423148262	694.500000000000	694.500000000000	5296.758628588389	5280.289872586346	1083.554691594851	1083.589501311397	139.394652563836	139.394652563836	244.637119291056	244.033176085717
57.910407218362	0.035936570812	0.036254124286	0.001241109242	0.001252076303	3.978515625000	3.978515625000	0.002456874923	0.002478522312	697.000000000000	697.000000000000	2393.160977267656	2414.246986195876	1085.996099581302	1086.023248933866	139.896433170617	139.896433170617	245.517742470649	244.911625243693
58.035117710006	0.185216787856	0.185090774674	0.006382921071	0.006378578419	3.980468750000	3.980468750000	0.012638930014	0.012630011120	700.000000000000	700.000000000000	12360.893899791154	12352.171207286434	1087.097368814343	1087.134188686505	140.498569898755	140.498569898755	246.574490286161	245.965764233264
58.127544025731	0.065702640535	0.065980891692	0.002260637074	0.002270210889	3.986328125000	3.986328125000	0.004477223756	0.004496070940	708.000000000000	708.000000000000	4391.809143033886	4410.296768235328	1092.767854204570	1092.800492047085	142.104267840455	142.104267840455	249.392484460860	248.776801538787
60.790489561724	0.042449834155	0.042631237473	0.001396594581	0.001402562729	3.988281250000	3.990234375000	0.002781592105	0.002793408082	711.000000000000	711.000000000000	2967.497075621791	2980.102761875879	1094.775498595896	1094.816519872890	142.706404568592	142.706404568592	250.449232276372	249.830940528359
62.114043376707	0.039935782373	0.040044196406	0.001285885774	0.001289376580	3.990234375000	3.990234375000	0.002568007742	0.002574913910	713.500000000000	713.500000000000	2852.532879087297	2860.204223673625	1096.129960087541	1096.176680534878	143.208185175373	143.208185175373	251.329855455966	250.709389686335
62.295602851709	0.043505908441	0.043686951456	0.001396756960	0.001402569345	3.992187500000	3.992187500000	0.002790443291	0.002801984306	716.500000000000	716.500000000000	3116.623172600541	3129.513236804112	1097.430372406652	1097.480532479796	143.810321903511	143.810321903511	252.386603271478	251.763528675906
62.310803013254	0.127096023133	0.126439451505	0.004079421769	0.004058347683	3.994140625000	3.994140625000	0.008150123791	0.008107815283	716.500000000000	716.500000000000	9106.971356359800	9059.695709746755	1098.849418916533	1098.905379188281	143.810321903511	143.810321903511	252.386603271478	251.763528675906
62.680717395900	0.043776107830	0.043693411350	0.001396796643	0.001394157986	3.998046875000	3.998046875000	0.002792671538	0.002787325357	722.000000000000	722.000000000000	3155.366168701161	3149.325659768026	1102.985501631623	1103.019822178499	144.914239238430	144.914239238430	254.323974266583	253.696116823453
63.678661562444	0.022944091323	0.022813740926	0.000720621029	0.000716527024	3.998046875000	3.998046875000	0.001443608021	0.001435370208	725.000000000000	725.000000000000	1680.132179937521	1670.544664907642	1104.414950540902	1104.446492039544	145.516375966567	145.516375966567	255.380722082096	254.750255813024
64.439547970700	0.070372814368	0.070479408296	0.002184149845	0.002187458184	4.000000000000	4.000000000000	0.004381947088	0.004388473272	725.000000000000	725.000000000000	5214.780897373520	5222.547449232443	1105.175332315285	1105.202514674737	145.516375966567	145.516375966567	255.380722082096	254.750255813024
65.185328231095	0.059626789263	0.059756249365	0.001829454292	0.001833426355	4.000000000000	4.000000000000	0.003675594822	0.003683481868	730.500000000000	730.500000000000	4469.613210958298	4479.204052826924	1107.532074504199	1107.562705174111	146.620293301486	146.620293301486	257.318093077201	256.682843960571
67.311761318604	0.010076728173	0.010247366654	0.000299404680	0.000304474774	4.003906250000	4.003906250000	0.000603939438	0.000614150941	733.500000000000	733.500000000000	779.990222985463	793.178420661919	1109.548065325037	1109.582962173366	147.222430029623	147.222430029623	258.374840892713	257.736982950142
71.099679588321	0.013800346263	0.013654790387	0.000388197144	0.000384102726	4.003906250000	4.003906250000	0.000788351213	0.000780016506	733.500000000000	733.500000000000	1128.330396345108	1116.401319491896	1109.899499724871	1109.940326488809	147.222430029623	147.222430029623	258.374840892713	257.736982950142
72.285359813964	0.017639345885	0.017610767694	0.000488047536	0.000487256832	4.003906250000	4.003906250000	0.000993142478	0.000991508333	733.500000000000	733.500000000000	1466.261678859657	1463.849050116397	1110.407686341311	1110.443123120485	147.222430029623	147.222430029623	258.374840892713	257.736982950142
78.962210869443	0.025406679123	0.025503070675	0.000643514888	0.000645956348	4.003906250000	4.003906250000	0.001323700074	0.001328688462	733.500000000000	733.500000000000	2306.990803212131	2315.684741127332	1111.067725912657	1111.102055949719	147.222430029623	147.222430029623	258.374840892713	257.736982950142
79.262227679018	0.022425482516	0.022642541357	0.000565855469	0.000571332450	4.003906250000	4.003906250000	0.001164491550	0.001175733016	733.500000000000	736.000000000000	2044.027485135728	2063.759586194122	1112.105427721642	1112.143634373195	147.222430029623	147.724210636405	258.374840892713	258.615432108118
